{
  "epoch": 32,
  "train_loss": 0.2211230456600074,
  "val_loss": 0.6314947660807725,
  "metrics": {
    "mse": 0.6314947645087818,
    "rmse": 0.7946664485863121,
    "mae": 0.618185786493532,
    "r2": 0.3133862018585205,
    "residual_std": 0.7841629981994629,
    "smape": 112.68281936645508,
    "max_error": 2.720834493637085,
    "p90_error": 1.3215641975402832,
    "p95_error": 1.5249823451042164,
    "pearson_corr": 0.6280246122965746,
    "spearman_corr": 0.6108035641545992
  },
  "lr": 0.00010430195934094539,
  "best_so_far": false,
  "best_epoch": 11
}