{
  "epoch": 43,
  "train_loss": 0.07928504507771962,
  "val_loss": 0.6433760926618681,
  "metrics": {
    "mse": 0.6433760774659586,
    "rmse": 0.8021072730414297,
    "mae": 0.6229156854388478,
    "r2": 0.300467848777771,
    "residual_std": 0.7913240194320679,
    "smape": 108.26581716537476,
    "max_error": 2.889007568359375,
    "p90_error": 1.3782219409942629,
    "p95_error": 1.6056921720504755,
    "pearson_corr": 0.6261258046852751,
    "spearman_corr": 0.6106477612181789
  },
  "lr": 1.849933486759045e-05,
  "best_so_far": false,
  "best_epoch": 11
}