{
  "epoch": 22,
  "train_loss": 0.4134057819287157,
  "val_loss": 0.5037147271764147,
  "metrics": {
    "mse": 0.5037147197749589,
    "rmse": 0.7097286240352427,
    "mae": 0.5513122231095702,
    "r2": 0.4523193836212158,
    "residual_std": 0.7054702043533325,
    "smape": 113.11764717102051,
    "max_error": 2.355243444442749,
    "p90_error": 1.1177886962890629,
    "p95_error": 1.4525684118270872,
    "pearson_corr": 0.6889607510531716,
    "spearman_corr": 0.6600707967014379
  },
  "lr": 0.00020650368571567882,
  "best_so_far": false,
  "best_epoch": 11
}