{
  "epoch": 31,
  "train_loss": 0.2552089859229542,
  "val_loss": 0.6041978815754692,
  "metrics": {
    "mse": 0.6041978799379789,
    "rmse": 0.7773016659817338,
    "mae": 0.6015502473155221,
    "r2": 0.3430657386779785,
    "residual_std": 0.7619186043739319,
    "smape": 112.03527450561523,
    "max_error": 2.6848602294921875,
    "p90_error": 1.293980407714844,
    "p95_error": 1.5467987895011899,
    "pearson_corr": 0.6424921553845853,
    "spearman_corr": 0.6339746966094529
  },
  "lr": 0.00011433267660784968,
  "best_so_far": false,
  "best_epoch": 11
}