{
  "epoch": 46,
  "train_loss": 0.07523231191149658,
  "val_loss": 0.6374794443230053,
  "metrics": {
    "mse": 0.6374794402620294,
    "rmse": 0.7984230960224218,
    "mae": 0.6222926458159646,
    "r2": 0.30687928199768066,
    "residual_std": 0.7846168875694275,
    "smape": 109.02137756347656,
    "max_error": 2.9349005222320557,
    "p90_error": 1.3573468923568726,
    "p95_error": 1.6097965478897085,
    "pearson_corr": 0.6268362997087704,
    "spearman_corr": 0.6135782704969572
  },
  "lr": 6.79137645722136e-06,
  "best_so_far": false,
  "best_epoch": 11
}