{
  "epoch": 13,
  "train_loss": 0.45035654695706623,
  "val_loss": 0.5070132474322896,
  "metrics": {
    "mse": 0.5070132324983786,
    "rmse": 0.7120486166676954,
    "mae": 0.5569921836748228,
    "r2": 0.44873297214508057,
    "residual_std": 0.6900700926780701,
    "smape": 118.83231401443481,
    "max_error": 2.3345437049865723,
    "p90_error": 1.118178415298462,
    "p95_error": 1.361476421356198,
    "pearson_corr": 0.696378133762335,
    "spearman_corr": 0.6564626784129949
  },
  "lr": 0.0002772831903753856,
  "best_so_far": false,
  "best_epoch": 11
}