{
  "epoch": 25,
  "train_loss": 0.38715542393248903,
  "val_loss": 0.5328064827473609,
  "metrics": {
    "mse": 0.532806476852396,
    "rmse": 0.7299359402388651,
    "mae": 0.5659219678941664,
    "r2": 0.4206883907318115,
    "residual_std": 0.727685809135437,
    "smape": 111.00021600723267,
    "max_error": 2.869903326034546,
    "p90_error": 1.1666923999786378,
    "p95_error": 1.4271810054779044,
    "pearson_corr": 0.6793574624753139,
    "spearman_corr": 0.6490785364639078
  },
  "lr": 0.0001764604025612061,
  "best_so_far": false,
  "best_epoch": 11
}