{
  "epoch": 38,
  "train_loss": 0.1119024348164102,
  "val_loss": 0.6278301097534515,
  "metrics": {
    "mse": 0.6278301076574639,
    "rmse": 0.7923573105976015,
    "mae": 0.6221222920732183,
    "r2": 0.31737083196640015,
    "residual_std": 0.785666286945343,
    "smape": 110.70781946182251,
    "max_error": 2.8116447925567627,
    "p90_error": 1.3212213754653932,
    "p95_error": 1.5255476832389825,
    "pearson_corr": 0.6249573449571152,
    "spearman_corr": 0.604353284368578
  },
  "lr": 5.04649743493507e-05,
  "best_so_far": false,
  "best_epoch": 11
}