{
  "epoch": 17,
  "train_loss": 0.4435358562074299,
  "val_loss": 0.5227261311405308,
  "metrics": {
    "mse": 0.5227261183026073,
    "rmse": 0.7229980071221547,
    "mae": 0.5650137280369852,
    "r2": 0.4316486120223999,
    "residual_std": 0.7025341987609863,
    "smape": 118.33401918411255,
    "max_error": 2.3226993083953857,
    "p90_error": 1.1760251760482787,
    "p95_error": 1.3970585346221918,
    "pearson_corr": 0.6823834503141639,
    "spearman_corr": 0.656026735936764
  },
  "lr": 0.0002505350256506493,
  "best_so_far": false,
  "best_epoch": 11
}