{
  "epoch": 50,
  "train_loss": 0.07035945586524862,
  "val_loss": 0.6288256135615674,
  "metrics": {
    "mse": 0.6288256224040146,
    "rmse": 0.7929852598907591,
    "mae": 0.6160158162588601,
    "r2": 0.3162883520126343,
    "residual_std": 0.784584105014801,
    "smape": 108.50311517715454,
    "max_error": 2.9134521484375,
    "p90_error": 1.353482222557068,
    "p95_error": 1.605808973312378,
    "pearson_corr": 0.624752155617716,
    "spearman_corr": 0.6107006934504624
  },
  "lr": 1e-06,
  "best_so_far": false,
  "best_epoch": 11
}