{
  "epoch": 12,
  "train_loss": 0.48028539973346906,
  "val_loss": 0.5265764787956908,
  "metrics": {
    "mse": 0.5265764846906558,
    "rmse": 0.7256558996457314,
    "mae": 0.55982965361941,
    "r2": 0.4274621605873108,
    "residual_std": 0.7187210917472839,
    "smape": 114.68844413757324,
    "max_error": 2.312206745147705,
    "p90_error": 1.14272940158844,
    "p95_error": 1.5048594951629617,
    "pearson_corr": 0.6758154514977398,
    "spearman_corr": 0.6444638777006837
  },
  "lr": 0.0002825006651324095,
  "best_so_far": false,
  "best_epoch": 11
}