{
  "epoch": 11,
  "train_loss": 0.4753220538669046,
  "val_loss": 0.49018163746529886,
  "metrics": {
    "mse": 0.49018162659236364,
    "rmse": 0.7001297212605416,
    "mae": 0.5425773099228576,
    "r2": 0.4670336842536926,
    "residual_std": 0.6970012187957764,
    "smape": 115.7326340675354,
    "max_error": 2.340646743774414,
    "p90_error": 1.1296609401702888,
    "p95_error": 1.441403508186339,
    "pearson_corr": 0.6868675296633198,
    "spearman_corr": 0.6595907121831222
  },
  "lr": 0.00028707504591756876,
  "best_so_far": true,
  "best_epoch": 11
}