{
  "epoch": 35,
  "train_loss": 0.15451399490449877,
  "val_loss": 0.6011353156068823,
  "metrics": {
    "mse": 0.6011353217638455,
    "rmse": 0.7753291699425771,
    "mae": 0.6085628526551383,
    "r2": 0.3463956117630005,
    "residual_std": 0.7631344795227051,
    "smape": 110.0391149520874,
    "max_error": 2.7554898262023926,
    "p90_error": 1.3139690637588506,
    "p95_error": 1.543520963191986,
    "pearson_corr": 0.6333364185837154,
    "spearman_corr": 0.6150245115727644
  },
  "lr": 7.575000000000004e-05,
  "best_so_far": false,
  "best_epoch": 11
}