{
  "epoch": 47,
  "train_loss": 0.06920126125903475,
  "val_loss": 0.6271565018119393,
  "metrics": {
    "mse": 0.6271564991264553,
    "rmse": 0.7919321303788951,
    "mae": 0.6159604009691175,
    "r2": 0.31810319423675537,
    "residual_std": 0.7822393178939819,
    "smape": 108.45881700515747,
    "max_error": 2.9132425785064697,
    "p90_error": 1.354619121551514,
    "p95_error": 1.608833515644072,
    "pearson_corr": 0.6265388367813391,
    "spearman_corr": 0.611775453444829
  },
  "lr": 4.2669336902960505e-06,
  "best_so_far": false,
  "best_epoch": 11
}