{
  "epoch": 4,
  "train_loss": 0.5474401869444109,
  "val_loss": 0.5801431349345616,
  "metrics": {
    "mse": 0.5801431311355842,
    "rmse": 0.7616712749838898,
    "mae": 0.5999079978073036,
    "r2": 0.3692200183868408,
    "residual_std": 0.7500399947166443,
    "smape": 124.05316829681396,
    "max_error": 2.6549947261810303,
    "p90_error": 1.241213274002076,
    "p95_error": 1.4975340843200673,
    "pearson_corr": 0.6596944791043972,
    "spearman_corr": 0.6505199365654025
  },
  "lr": 0.00024599999999999996,
  "best_so_far": true,
  "best_epoch": 4
}