{
  "epoch": 33,
  "train_loss": 0.1960634275469377,
  "val_loss": 0.6182580359034486,
  "metrics": {
    "mse": 0.6182580463833861,
    "rmse": 0.7862938677004839,
    "mae": 0.6121924668877989,
    "r2": 0.32777833938598633,
    "residual_std": 0.7692028880119324,
    "smape": 112.99751996994019,
    "max_error": 2.6941978931427,
    "p90_error": 1.2907317638397218,
    "p95_error": 1.6681995987892149,
    "pearson_corr": 0.6257166835547195,
    "spearman_corr": 0.6097385498058877
  },
  "lr": 9.449631428432117e-05,
  "best_so_far": false,
  "best_epoch": 11
}