{
  "epoch": 7,
  "train_loss": 0.5103272549668991,
  "val_loss": 0.5286671252041073,
  "metrics": {
    "mse": 0.5286671313610706,
    "rmse": 0.7270949947297606,
    "mae": 0.5702386079253731,
    "r2": 0.4251890182495117,
    "residual_std": 0.7018284797668457,
    "smape": 113.72754573822021,
    "max_error": 2.4034650325775146,
    "p90_error": 1.1277851819992069,
    "p95_error": 1.4603747606277464,
    "pearson_corr": 0.6819047059587829,
    "spearman_corr": 0.6598942285330989
  },
  "lr": 0.0002985450762768647,
  "best_so_far": false,
  "best_epoch": 5
}