{
  "epoch": 18,
  "train_loss": 0.43751690112275166,
  "val_loss": 0.5657073444062537,
  "metrics": {
    "mse": 0.565707347026238,
    "rmse": 0.7521351919876094,
    "mae": 0.5908907544481885,
    "r2": 0.384915828704834,
    "residual_std": 0.7144159078598022,
    "smape": 118.86328458786011,
    "max_error": 2.21492075920105,
    "p90_error": 1.2442448139190674,
    "p95_error": 1.4292747497558587,
    "pearson_corr": 0.6798932358576709,
    "spearman_corr": 0.6485492141410732
  },
  "lr": 0.00024254139056118586,
  "best_so_far": false,
  "best_epoch": 11
}