{
  "epoch": 15,
  "train_loss": 0.46194665158488485,
  "val_loss": 0.5017502019693564,
  "metrics": {
    "mse": 0.5017501952883962,
    "rmse": 0.7083432750357669,
    "mae": 0.5492510363295838,
    "r2": 0.4544554352760315,
    "residual_std": 0.7031063437461853,
    "smape": 116.81833267211914,
    "max_error": 2.2556405067443848,
    "p90_error": 1.0951450109481813,
    "p95_error": 1.5148761749267574,
    "pearson_corr": 0.682418534201644,
    "spearman_corr": 0.6559754598272715
  },
  "lr": 0.00026502364424628715,
  "best_so_far": false,
  "best_epoch": 11
}