{
  "epoch": 36,
  "train_loss": 0.13540530473844412,
  "val_loss": 0.6258702019413749,
  "metrics": {
    "mse": 0.6258702040373624,
    "rmse": 0.7911195889607098,
    "mae": 0.6196753906679677,
    "r2": 0.31950175762176514,
    "residual_std": 0.7857989072799683,
    "smape": 112.42588758468628,
    "max_error": 2.819077968597412,
    "p90_error": 1.3258841753005983,
    "p95_error": 1.5931496262550349,
    "pearson_corr": 0.617572884266802,
    "spearman_corr": 0.6026814284110042
  },
  "lr": 6.690066093112337e-05,
  "best_so_far": false,
  "best_epoch": 11
}