{
  "epoch": 23,
  "train_loss": 0.39721316115523797,
  "val_loss": 0.5241475751766792,
  "metrics": {
    "mse": 0.5241475808751452,
    "rmse": 0.7239803732665308,
    "mae": 0.5588634057359381,
    "r2": 0.430103063583374,
    "residual_std": 0.7186640501022339,
    "smape": 112.63737678527832,
    "max_error": 2.4892914295196533,
    "p90_error": 1.1428548336029054,
    "p95_error": 1.4699858784675592,
    "pearson_corr": 0.683284610407728,
    "spearman_corr": 0.6500731655939994
  },
  "lr": 0.00019669804065905463,
  "best_so_far": false,
  "best_epoch": 11
}