{
  "epoch": 14,
  "train_loss": 0.47647434751105494,
  "val_loss": 0.536199212205279,
  "metrics": {
    "mse": 0.5361992190172384,
    "rmse": 0.7322562522896192,
    "mae": 0.5682933847982805,
    "r2": 0.4169995188713074,
    "residual_std": 0.7265662550926208,
    "smape": 114.65893983840942,
    "max_error": 2.403963327407837,
    "p90_error": 1.1696049690246584,
    "p95_error": 1.4731167197227477,
    "pearson_corr": 0.6528815621755252,
    "spearman_corr": 0.64411437209474
  },
  "lr": 0.0002714480406590546,
  "best_so_far": false,
  "best_epoch": 11
}