{
  "epoch": 34,
  "train_loss": 0.16768571373758148,
  "val_loss": 0.6180326688420642,
  "metrics": {
    "mse": 0.6180326604581141,
    "rmse": 0.7861505329503466,
    "mae": 0.6142693431822808,
    "r2": 0.3280233144760132,
    "residual_std": 0.7802715301513672,
    "smape": 108.55386257171631,
    "max_error": 2.7639410495758057,
    "p90_error": 1.3139423847198486,
    "p95_error": 1.601947724819182,
    "pearson_corr": 0.6398372871590923,
    "spearman_corr": 0.6239390383748505
  },
  "lr": 8.496351355503292e-05,
  "best_so_far": false,
  "best_epoch": 11
}