{
  "epoch": 24,
  "train_loss": 0.38977898112636233,
  "val_loss": 0.49768622930233297,
  "metrics": {
    "mse": 0.4976862324463142,
    "rmse": 0.7054688033118929,
    "mae": 0.5483046369893211,
    "r2": 0.45887404680252075,
    "residual_std": 0.7037768363952637,
    "smape": 109.7400426864624,
    "max_error": 2.454881429672241,
    "p90_error": 1.101915311813355,
    "p95_error": 1.4356056451797465,
    "pearson_corr": 0.6908149222989894,
    "spearman_corr": 0.6612439049107813
  },
  "lr": 0.00018666732339215033,
  "best_so_far": false,
  "best_epoch": 11
}