{
  "epoch": 19,
  "train_loss": 0.4387614094988575,
  "val_loss": 0.5107992535109048,
  "metrics": {
    "mse": 0.5107992466334458,
    "rmse": 0.71470220835915,
    "mae": 0.5519955386172284,
    "r2": 0.44461649656295776,
    "residual_std": 0.714681088924408,
    "smape": 110.1335883140564,
    "max_error": 2.3138298988342285,
    "p90_error": 1.1440280914306649,
    "p95_error": 1.4369498133659357,
    "pearson_corr": 0.6807226384678353,
    "spearman_corr": 0.6571665305991948
  },
  "lr": 0.0002340993390688766,
  "best_so_far": false,
  "best_epoch": 11
}