{
  "epoch": 9,
  "train_loss": 0.4826454124878581,
  "val_loss": 0.5543484592175746,
  "metrics": {
    "mse": 0.5543484555495964,
    "rmse": 0.744545804870054,
    "mae": 0.580384887443794,
    "r2": 0.397266149520874,
    "residual_std": 0.7186787724494934,
    "smape": 119.79987621307373,
    "max_error": 2.3263943195343018,
    "p90_error": 1.2075359582901002,
    "p95_error": 1.499394190311431,
    "pearson_corr": 0.675478514634937,
    "spearman_corr": 0.6552802067401791
  },
  "lr": 0.0002942086235427786,
  "best_so_far": false,
  "best_epoch": 5
}