{
  "epoch": 39,
  "train_loss": 0.10001289050384096,
  "val_loss": 0.643061372604999,
  "metrics": {
    "mse": 0.6430613724739997,
    "rmse": 0.8019110751660684,
    "mae": 0.6240885091351939,
    "r2": 0.30081015825271606,
    "residual_std": 0.7982968091964722,
    "smape": 109.70104932785034,
    "max_error": 2.8677854537963867,
    "p90_error": 1.343483591079712,
    "p95_error": 1.5951769471168518,
    "pearson_corr": 0.6230062591776828,
    "spearman_corr": 0.6039629489661316
  },
  "lr": 4.2958699849371636e-05,
  "best_so_far": false,
  "best_epoch": 11
}