{
  "epoch": 21,
  "train_loss": 0.4220653305854546,
  "val_loss": 0.49585358860728507,
  "metrics": {
    "mse": 0.49585358808328817,
    "rmse": 0.7041687213184694,
    "mae": 0.5428838352580647,
    "r2": 0.46086668968200684,
    "residual_std": 0.7008745074272156,
    "smape": 112.92235851287842,
    "max_error": 2.6412839889526367,
    "p90_error": 1.0731788158416753,
    "p95_error": 1.4053692817687986,
    "pearson_corr": 0.6885970096589888,
    "spearman_corr": 0.6579660557250936
  },
  "lr": 0.00021603648644496706,
  "best_so_far": false,
  "best_epoch": 11
}