{
  "epoch": 26,
  "train_loss": 0.3585237556113631,
  "val_loss": 0.5895902995224838,
  "metrics": {
    "mse": 0.589590302666465,
    "rmse": 0.7678478382247781,
    "mae": 0.5836415047828968,
    "r2": 0.3589482307434082,
    "residual_std": 0.7660129070281982,
    "smape": 112.18805313110352,
    "max_error": 3.9192662239074707,
    "p90_error": 1.2330322742462159,
    "p95_error": 1.4603416800498952,
    "pearson_corr": 0.6641729689506192,
    "spearman_corr": 0.6509861351310856
  },
  "lr": 0.0001661270052585142,
  "best_so_far": false,
  "best_epoch": 11
}