{
  "epoch": 41,
  "train_loss": 0.08984927523116511,
  "val_loss": 0.6186922330122727,
  "metrics": {
    "mse": 0.6186922398897318,
    "rmse": 0.7865699205345522,
    "mae": 0.6115668271924113,
    "r2": 0.32730633020401,
    "residual_std": 0.7838542461395264,
    "smape": 108.87362957000732,
    "max_error": 2.829099655151367,
    "p90_error": 1.3241597652435306,
    "p95_error": 1.5465087175369245,
    "pearson_corr": 0.6226694212500004,
    "spearman_corr": 0.6069948002203165
  },
  "lr": 2.9551959340945376e-05,
  "best_so_far": false,
  "best_epoch": 11
}