{
  "epoch": 3,
  "train_loss": 0.5529511727302711,
  "val_loss": 0.6738011538327395,
  "metrics": {
    "mse": 0.673801155928727,
    "rmse": 0.8208539187509108,
    "mae": 0.6504231386132293,
    "r2": 0.2673872113227844,
    "residual_std": 0.7486132979393005,
    "smape": 127.81518697738647,
    "max_error": 2.2072958946228027,
    "p90_error": 1.3836393117904668,
    "p95_error": 1.633539056777953,
    "pearson_corr": 0.6253209962249435,
    "spearman_corr": 0.5917807008061954
  },
  "lr": 0.00019199999999999995,
  "best_so_far": false,
  "best_epoch": 2
}