{
  "epoch": 30,
  "train_loss": 0.27436740991672753,
  "val_loss": 0.6028931357703367,
  "metrics": {
    "mse": 0.6028931431062929,
    "rmse": 0.7764619392515598,
    "mae": 0.6024205857580834,
    "r2": 0.34448426961898804,
    "residual_std": 0.7476117610931396,
    "smape": 109.94746685028076,
    "max_error": 2.593350648880005,
    "p90_error": 1.2867744922637943,
    "p95_error": 1.5466517448425285,
    "pearson_corr": 0.6598216147121796,
    "spearman_corr": 0.6420866408281799
  },
  "lr": 0.00012453959743879395,
  "best_so_far": false,
  "best_epoch": 11
}