{
  "epoch": 16,
  "train_loss": 0.4540469153128916,
  "val_loss": 0.5117223818223555,
  "metrics": {
    "mse": 0.5117223870623243,
    "rmse": 0.7153477385595933,
    "mae": 0.5599972379076612,
    "r2": 0.4436127543449402,
    "residual_std": 0.7075240612030029,
    "smape": 115.76215028762817,
    "max_error": 2.3708178997039795,
    "p90_error": 1.1489186286926272,
    "p95_error": 1.4402655124664305,
    "pearson_corr": 0.6789243632943489,
    "spearman_corr": 0.6495086188133397
  },
  "lr": 0.0002580413001506283,
  "best_so_far": false,
  "best_epoch": 11
}