{
  "epoch": 45,
  "train_loss": 0.07811133498090814,
  "val_loss": 0.6210505505839546,
  "metrics": {
    "mse": 0.6210505516319484,
    "rmse": 0.7880676060034116,
    "mae": 0.6127483703277923,
    "r2": 0.32474207878112793,
    "residual_std": 0.7818301916122437,
    "smape": 107.59375095367432,
    "max_error": 2.876263380050659,
    "p90_error": 1.3363270282745365,
    "p95_error": 1.5753006696701044,
    "pearson_corr": 0.6256710165528082,
    "spearman_corr": 0.6107357905142268
  },
  "lr": 1.001595319250671e-05,
  "best_so_far": false,
  "best_epoch": 11
}