{
  "epoch": 2,
  "train_loss": 0.6024565276016126,
  "val_loss": 0.5857001220786965,
  "metrics": {
    "mse": 0.5857001273186653,
    "rmse": 0.7653104777269584,
    "mae": 0.6074417325166556,
    "r2": 0.363178014755249,
    "residual_std": 0.7285658717155457,
    "smape": 121.98201417922974,
    "max_error": 2.1890363693237305,
    "p90_error": 1.2713285923004152,
    "p95_error": 1.4830765128135672,
    "pearson_corr": 0.6504959097989844,
    "spearman_corr": 0.5925659577972789
  },
  "lr": 0.00013799999999999997,
  "best_so_far": true,
  "best_epoch": 2
}