{
  "epoch": 42,
  "train_loss": 0.0850940110339782,
  "val_loss": 0.6306540081134209,
  "metrics": {
    "mse": 0.6306540155148768,
    "rmse": 0.7941372774998519,
    "mae": 0.621117868397262,
    "r2": 0.31430041790008545,
    "residual_std": 0.7772091031074524,
    "smape": 110.51452159881592,
    "max_error": 2.8692545890808105,
    "p90_error": 1.3444939136505127,
    "p95_error": 1.6092940211296074,
    "pearson_corr": 0.6318299992085463,
    "spearman_corr": 0.61300213085676
  },
  "lr": 2.3716809624614324e-05,
  "best_so_far": false,
  "best_epoch": 11
}