{
  "epoch": 5,
  "train_loss": 0.5493856473988419,
  "val_loss": 0.49509626391169786,
  "metrics": {
    "mse": 0.49509626705567916,
    "rmse": 0.7036307746650079,
    "mae": 0.5441353915811895,
    "r2": 0.4616900682449341,
    "residual_std": 0.7011945247650146,
    "smape": 104.86376285552979,
    "max_error": 2.248875617980957,
    "p90_error": 1.1441728830337528,
    "p95_error": 1.378928637504577,
    "pearson_corr": 0.6877862470910244,
    "spearman_corr": 0.6580099639356959
  },
  "lr": 0.0003,
  "best_so_far": true,
  "best_epoch": 5
}