{
  "epoch": 29,
  "train_loss": 0.3053011043175123,
  "val_loss": 0.5686521462686769,
  "metrics": {
    "mse": 0.568652154652627,
    "rmse": 0.7540902828260201,
    "mae": 0.5812693608986153,
    "r2": 0.38171398639678955,
    "residual_std": 0.7523298859596252,
    "smape": 110.37188768386841,
    "max_error": 3.0439414978027344,
    "p90_error": 1.2525084018707278,
    "p95_error": 1.4966216206550584,
    "pearson_corr": 0.6561945179438555,
    "spearman_corr": 0.6497675472420186
  },
  "lr": 0.00013487299474148584,
  "best_so_far": false,
  "best_epoch": 11
}