{
  "epoch": 20,
  "train_loss": 0.42419616820783435,
  "val_loss": 0.4947115667573698,
  "metrics": {
    "mse": 0.49471156977035186,
    "rmse": 0.7033573556666283,
    "mae": 0.5447744755954533,
    "r2": 0.4621083736419678,
    "residual_std": 0.7002037763595581,
    "smape": 110.18961668014526,
    "max_error": 2.3705224990844727,
    "p90_error": 1.0782387733459478,
    "p95_error": 1.410480368137357,
    "pearson_corr": 0.6845316461090518,
    "spearman_corr": 0.6564796855201185
  },
  "lr": 0.00022524999999999997,
  "best_so_far": false,
  "best_epoch": 11
}