{
  "epoch": 10,
  "train_loss": 0.4816096279806939,
  "val_loss": 0.5281418243607322,
  "metrics": {
    "mse": 0.5281418368056581,
    "rmse": 0.726733676669561,
    "mae": 0.5645895849217425,
    "r2": 0.42576026916503906,
    "residual_std": 0.7229840755462646,
    "smape": 111.23361587524414,
    "max_error": 2.26828670501709,
    "p90_error": 1.177020525932312,
    "p95_error": 1.4912092924118034,
    "pearson_corr": 0.6740845972889058,
    "spearman_corr": 0.6464341542458001
  },
  "lr": 0.00029098404680749326,
  "best_so_far": false,
  "best_epoch": 5
}