{
  "epoch": 8,
  "train_loss": 0.5034398770881929,
  "val_loss": 0.5606816802706037,
  "metrics": {
    "mse": 0.5606816703146631,
    "rmse": 0.7487867989719524,
    "mae": 0.5905336446814484,
    "r2": 0.39038020372390747,
    "residual_std": 0.7213255167007446,
    "smape": 114.56210613250732,
    "max_error": 2.3588619232177734,
    "p90_error": 1.2083928108215336,
    "p95_error": 1.49989868402481,
    "pearson_corr": 0.6699143696957216,
    "spearman_corr": 0.6482610487754291
  },
  "lr": 0.0002967330663097039,
  "best_so_far": false,
  "best_epoch": 5
}