{
  "epoch": 6,
  "train_loss": 0.5224503813603838,
  "val_loss": 0.506220121043069,
  "metrics": {
    "mse": 0.5062201117421244,
    "rmse": 0.7114914699011679,
    "mae": 0.5495799854561523,
    "r2": 0.4495953321456909,
    "residual_std": 0.7105977535247803,
    "smape": 108.6065411567688,
    "max_error": 2.2587385177612305,
    "p90_error": 1.1668469190597535,
    "p95_error": 1.4819756507873534,
    "pearson_corr": 0.6793617203869969,
    "spearman_corr": 0.6557494627633224
  },
  "lr": 0.00029963582551384367,
  "best_so_far": false,
  "best_epoch": 5
}