{
  "epoch": 28,
  "train_loss": 0.32793552265732534,
  "val_loss": 0.5934830439614726,
  "metrics": {
    "mse": 0.5934830480879479,
    "rmse": 0.7703785096223466,
    "mae": 0.5922124418583545,
    "r2": 0.3547157645225525,
    "residual_std": 0.7577974200248718,
    "smape": 105.42668104171753,
    "max_error": 2.4853432178497314,
    "p90_error": 1.2879097461700444,
    "p95_error": 1.5009548068046545,
    "pearson_corr": 0.6757011601466711,
    "spearman_corr": 0.6527648110086827
  },
  "lr": 0.00014528252524297617,
  "best_so_far": false,
  "best_epoch": 11
}