{
  "epoch": 40,
  "train_loss": 0.09823333797925259,
  "val_loss": 0.613622573181823,
  "metrics": {
    "mse": 0.6136225657148675,
    "rmse": 0.7833406447484181,
    "mae": 0.6108879145685133,
    "r2": 0.3328184485435486,
    "residual_std": 0.7790628671646118,
    "smape": 109.6182107925415,
    "max_error": 2.7939138412475586,
    "p90_error": 1.3505454063415527,
    "p95_error": 1.5595809459686267,
    "pearson_corr": 0.6228232084194769,
    "spearman_corr": 0.6060954618477412
  },
  "lr": 3.597635575371281e-05,
  "best_so_far": false,
  "best_epoch": 11
}