{
  "epoch": 48,
  "train_loss": 0.06971062680565303,
  "val_loss": 0.6272447687583965,
  "metrics": {
    "mse": 0.6272447646974207,
    "rmse": 0.7919878564077992,
    "mae": 0.6150686943924034,
    "r2": 0.318007230758667,
    "residual_std": 0.7834500670433044,
    "smape": 108.4628701210022,
    "max_error": 2.913172721862793,
    "p90_error": 1.3603276729583744,
    "p95_error": 1.5987938404083244,
    "pearson_corr": 0.6270325246521136,
    "spearman_corr": 0.6111551717625472
  },
  "lr": 2.454923723135248e-06,
  "best_so_far": false,
  "best_epoch": 11
}