{
  "epoch": 27,
  "train_loss": 0.35218767136433515,
  "val_loss": 0.5796534461634499,
  "metrics": {
    "mse": 0.5796534555298941,
    "rmse": 0.7613497590003521,
    "mae": 0.586626351927663,
    "r2": 0.3697524666786194,
    "residual_std": 0.7525510191917419,
    "smape": 117.6165223121643,
    "max_error": 2.960787296295166,
    "p90_error": 1.2332776546478277,
    "p95_error": 1.570259702205657,
    "pearson_corr": 0.6392734713286803,
    "spearman_corr": 0.6216681118461266
  },
  "lr": 0.00015571747475702394,
  "best_so_far": false,
  "best_epoch": 11
}