{
  "epoch": 49,
  "train_loss": 0.06923009198400244,
  "val_loss": 0.624963621713303,
  "metrics": {
    "mse": 0.6249636228922959,
    "rmse": 0.7905464078043084,
    "mae": 0.6138967494388203,
    "r2": 0.32048743963241577,
    "residual_std": 0.7822940945625305,
    "smape": 108.4507703781128,
    "max_error": 2.9043238162994385,
    "p90_error": 1.348962497711182,
    "p95_error": 1.5940114498138427,
    "pearson_corr": 0.6249946081785251,
    "spearman_corr": 0.6110498168742237
  },
  "lr": 1.3641744861562826e-06,
  "best_so_far": false,
  "best_epoch": 11
}