{
  "epoch": 44,
  "train_loss": 0.08101221425080535,
  "val_loss": 0.6351643354028136,
  "metrics": {
    "mse": 0.6351643238748823,
    "rmse": 0.7969719718251592,
    "mae": 0.620841971727518,
    "r2": 0.3093964457511902,
    "residual_std": 0.7830511927604675,
    "smape": 108.67552757263184,
    "max_error": 2.9026148319244385,
    "p90_error": 1.3437444925308228,
    "p95_error": 1.5916764736175526,
    "pearson_corr": 0.6289540704819209,
    "spearman_corr": 0.6123198719638744
  },
  "lr": 1.392495408243119e-05,
  "best_so_far": false,
  "best_epoch": 11
}