{
  "epoch": 37,
  "train_loss": 0.12221771459842487,
  "val_loss": 0.6766875749105935,
  "metrics": {
    "mse": 0.6766875675746373,
    "rmse": 0.8226102160650798,
    "mae": 0.6413441498200972,
    "r2": 0.2642488479614258,
    "residual_std": 0.8034812808036804,
    "smape": 109.73392724990845,
    "max_error": 2.856961250305176,
    "p90_error": 1.3826786994934082,
    "p95_error": 1.7051219105720514,
    "pearson_corr": 0.6221769696789594,
    "spearman_corr": 0.6027352524017136
  },
  "lr": 5.845860943881409e-05,
  "best_so_far": false,
  "best_epoch": 11
}