{
  "epoch": 1,
  "train_loss": 0.7548035485618855,
  "val_loss": 0.9614515938601651,
  "metrics": {
    "mse": 0.9614515988381355,
    "rmse": 0.9805363832301867,
    "mae": 0.777960041984097,
    "r2": -0.04537034034729004,
    "residual_std": 0.8591123819351196,
    "smape": 134.00020599365234,
    "max_error": 2.5897233486175537,
    "p90_error": 1.6810513496398927,
    "p95_error": 1.936020386219024,
    "pearson_corr": 0.45381139377660745,
    "spearman_corr": 0.4645832726884532
  },
  "lr": 8.399999999999998e-05,
  "best_so_far": true,
  "best_epoch": 1
}